ward_id,date,num_people,water_distributed_l,per_capita_usage_l,total,summary_type
W1,2023-01,42841,46201.399999999994,1.1443601055293156,49025.531280981406,monthly
W1,2023-02,44359,38972.5,0.9677152089098058,42926.87895203008,monthly
W1,2023-03,47319,61060.0,1.3815634242322656,65374.19967124658,monthly
W1,2023-04,45389,60003.0,1.4659926983296494,66539.94258448445,monthly
W1,2023-05,48036,66512.0,1.578400317078828,75820.03763119859,monthly
W1,2023-06,44525,87904.5,2.254302949240861,100372.83881494934,monthly
W1,2023-07,47100,98277.0,2.2347801101007283,105258.14318574431,monthly
W1,2023-08,49764,96954.0,2.230476427067456,110997.42891658487,monthly
W1,2023-09,42067,62274.0,1.643351100039205,69130.85072534923,monthly
W1,2023-10,47947,61589.0,1.3918109595086827,66733.16007556282,monthly
W1,2023-11,45248,60923.0,1.5118995873328476,68410.43252763669,monthly
W1,2023-12,42747,43026.899999999994,1.1051727748306932,47242.820605687644,monthly
W1,2023,547342,783697.3,1.5557891453960322,851548.7424193551,yearly
W2,2023-01,44935,39338.6,0.8416864707020599,37821.181560997065,monthly
W2,2023-02,40744,43906.799999999996,1.0684129439370504,43531.41698777118,monthly
W2,2023-03,46394,58556.0,1.3080272626670095,60684.61682417324,monthly
W2,2023-04,48144,54617.0,1.1824335721588108,56927.08189801379,monthly
W2,2023-05,44975,64984.0,1.4399356459116526,64761.10567487658,monthly
W2,2023-06,46221,101044.5,2.1819274399786277,100850.86820325215,monthly
W2,2023-07,45629,87360.0,1.9946880378064331,91015.62047706974,monthly
W2,2023-08,47053,98515.5,2.111943063428317,99373.2569634926,monthly
W2,2023-09,45233,61319.0,1.2922968296877444,58454.46249726574,monthly
W2,2023-10,47236,56540.0,1.246373220914527,58873.6854631186,monthly
W2,2023-11,41800,64145.0,1.4959329788771711,62529.99851706575,monthly
W2,2023-12,46495,46209.1,1.001566410860978,46567.83027298118,monthly
W2,2023,544859,776535.5,1.3775333098481608,750561.4216705591,yearly
W3,2023-01,45305,42159.6,0.9580069587274639,43402.50526514775,monthly
W3,2023-02,40043,38847.2,0.9889269339494509,39599.60121613786,monthly
W3,2023-03,49021,58307.0,1.1562165476283108,56678.89138128742,monthly
W3,2023-04,43743,60005.0,1.3144749437445502,57499.07746421786,monthly
W3,2023-05,47381,65779.0,1.413357809229802,66966.30635911725,monthly
W3,2023-06,45208,94126.5,2.114246593105276,95580.85998110332,monthly
W3,2023-07,43543,94062.0,2.111228756926499,91929.23376285055,monthly
W3,2023-08,49755,91852.5,1.929329605771492,95993.79453516057,monthly
W3,2023-09,42217,57119.0,1.305774393539648,55125.87757206332,monthly
W3,2023-10,42965,61056.0,1.411448000959984,60642.863361245705,monthly
W3,2023-11,45910,55322.0,1.258465954989135,57776.171993551194,monthly
W3,2023-12,47056,41434.399999999994,0.8734655507064851,41101.794954044366,monthly
W3,2023,542147,760070.2,1.4213841346989342,770599.1444746231,yearly
W4,2023-01,48551,40932.5,0.8347518574105594,40528.037429140066,monthly
W4,2023-02,43750,39960.2,0.9012240875799764,39428.55383162397,monthly
W4,2023-03,45977,66489.0,1.4235128268642185,65448.84924073618,monthly
W4,2023-04,46642,65861.0,1.4285965375631848,66632.59970502206,monthly
W4,2023-05,45917,63348.0,1.3716745097810776,62983.17846561774,monthly
W4,2023-06,42865,91273.5,2.1999890536973146,94302.53078673538,monthly
W4,2023-07,48360,83866.5,1.763624850715465,85288.89778059989,monthly
W4,2023-08,48862,95781.0,1.8759314377767085,91661.76191264552,monthly
W4,2023-09,46037,62946.0,1.3864566088517665,63828.302901708776,monthly
W4,2023-10,46092,62122.0,1.316938342988511,60700.322105026455,monthly
W4,2023-11,44609,58150.0,1.315647105549657,58689.70173146465,monthly
W4,2023-12,49236,46364.5,0.9586414958965919,47199.672691964595,monthly
W4,2023,556898,777094.2,1.3578376873471059,756177.0924082285,yearly
W5,2023-01,45609,42059.5,0.9163519746686908,41793.89721266432,monthly
W5,2023-02,41902,38087.7,0.9298325630290771,38961.84405604439,monthly
W5,2023-03,49702,62444.0,1.2897261427399316,64101.96874646008,monthly
W5,2023-04,41191,59299.0,1.3905066529936756,57276.359543462495,monthly
W5,2023-05,47382,57979.0,1.2371380354175934,58618.07439415641,monthly
W5,2023-06,47185,92568.0,1.8902733001764982,89192.54566882807,monthly
W5,2023-07,45477,91144.5,2.0545692471547694,93435.64565285745,monthly
W5,2023-08,45601,97740.0,2.1770154096917835,99274.07969735502,monthly
W5,2023-09,45631,59845.0,1.371383712824044,62577.610199873954,monthly
W5,2023-10,48334,59222.0,1.17245175579232,56669.283164466,monthly
W5,2023-11,42219,58282.0,1.3193213085533464,55700.42632581373,monthly
W5,2023-12,46930,45542.0,0.9492869459954778,44550.036375567775,monthly
W5,2023,547163,764212.7,1.3633998382882544,746001.9457173161,yearly
W6,2023-01,49285,41880.299999999996,0.8533719227238332,42058.43521144412,monthly
W6,2023-02,41474,40609.1,1.0145658416125443,42078.10371503866,monthly
W6,2023-03,48108,62141.0,1.303360010652391,62702.04339246523,monthly
W6,2023-04,44604,67278.0,1.4670536405758163,65436.46058424371,monthly
W6,2023-05,46987,59218.0,1.245716691479123,58532.490182529546,monthly
W6,2023-06,45375,93207.0,2.0439033567508194,92742.11481256843,monthly
W6,2023-07,46420,91399.5,1.9845754095347246,92123.99051060191,monthly
W6,2023-08,48922,97758.0,2.050066713493978,100293.36375755239,monthly
W6,2023-09,45431,59520.0,1.2575663263453822,57132.49577219706,monthly
W6,2023-10,48186,67164.0,1.4481604390187852,69781.05891455918,monthly
W6,2023-11,46113,62867.0,1.2968368444896485,59801.03740995116,monthly
W6,2023-12,48464,44504.6,0.9063691216856715,43926.27311337439,monthly
W6,2023,559369,787546.5,1.3413840450843506,750328.6519147881,yearly
W7,2023-01,47962,43463.0,0.9180606600407201,44032.02537687302,monthly
W7,2023-02,42352,43547.7,1.0228520448331726,43319.829802774526,monthly
W7,2023-03,45147,66905.0,1.427738629143945,64458.11588996168,monthly
W7,2023-04,45247,58669.0,1.356015950114438,61355.653694827975,monthly
W7,2023-05,47710,70595.0,1.4840574894402454,70804.38282119411,monthly
W7,2023-06,44621,92272.5,2.0145421415500135,89890.88489810315,monthly
W7,2023-07,49920,90307.5,1.8091536598598834,90312.95070020539,monthly
W7,2023-08,48848,89889.0,1.8732310270414883,91503.58920892261,monthly
W7,2023-09,43786,65191.0,1.4257630540787345,62428.46108589147,monthly
W7,2023-10,43474,56611.0,1.2728429812616189,55335.57576736762,monthly
W7,2023-11,45570,61559.0,1.3923337473191308,63448.64886533279,monthly
W7,2023-12,45892,44861.6,0.973604335287318,44680.6501550056,monthly
W7,2023,550529,783871.3,1.4304829509208672,787522.3484875141,yearly
W8,2023-01,46951,43498.7,0.8833900210513232,41476.04487838068,monthly
W8,2023-02,41907,38938.899999999994,0.9558761112554448,40057.900194381924,monthly
W8,2023-03,44953,66070.0,1.456726355419212,65484.21985515984,monthly
W8,2023-04,45973,59166.0,1.3350699112424715,61377.16902955015,monthly
W8,2023-05,48088,59643.0,1.2573989479481489,60465.800608930585,monthly
W8,2023-06,45434,96582.0,2.1966895302678435,99804.39211818921,monthly
W8,2023-07,45154,91483.5,2.025918005755,91478.30163186126,monthly
W8,2023-08,47119,84345.0,1.7963119467420723,84640.4226185397,monthly
W8,2023-09,47689,58377.0,1.180587592109432,56301.041680106704,monthly
W8,2023-10,46310,62546.0,1.3889489815084957,64322.22733365843,monthly
W8,2023-11,46274,59629.0,1.2782194821154207,59148.32831540898,monthly
W8,2023-12,44604,44034.899999999994,0.9872489642186288,44035.25280000772,monthly
W8,2023,550456,764314.0,1.428096736932897,786104.4174251347,yearly
W9,2023-01,46346,41011.6,0.8671479548807971,40188.83911690542,monthly
W9,2023-02,41273,40860.399999999994,0.9635211587333335,39767.408784400875,monthly
W9,2023-03,45311,63908.0,1.3581989453782843,61541.35241403544,monthly
W9,2023-04,45820,57889.0,1.2326317986451323,56479.18901391996,monthly
W9,2023-05,46464,63237.0,1.3412983275960813,62322.08549342432,monthly
W9,2023-06,44866,86614.5,1.964105160570228,88121.54213414385,monthly
W9,2023-07,44463,101206.5,2.1766271252593907,96779.37187040829,monthly
W9,2023-08,48244,95451.0,1.9212287494776483,92687.75978979966,monthly
W9,2023-09,44659,62565.0,1.4442420655519577,64498.40640548488,monthly
W9,2023-10,46793,60711.0,1.2516279719246346,58567.427690269426,monthly
W9,2023-11,43654,61544.0,1.3876294334942552,60575.57528975821,monthly
W9,2023-12,49061,42989.799999999996,0.9082053242267729,44557.46141188971,monthly
W9,2023,546954,777987.8,1.3733173360064654,751141.4101980804,yearly
W10,2023-01,44494,45978.1,0.9953694038742333,44287.966255980136,monthly
W10,2023-02,42346,37577.399999999994,0.8769407872607984,37134.93457734577,monthly
W10,2023-03,46344,60487.0,1.3207507498497741,61208.87275103793,monthly
W10,2023-04,44004,58235.0,1.3173681204007364,57969.466770114006,monthly
W10,2023-05,46451,65987.0,1.460375124882968,67835.88492593875,monthly
W10,2023-06,47146,84949.5,1.8915025875765583,89176.78099388441,monthly
W10,2023-07,46793,92446.5,1.914626637776571,89591.12426147908,monthly
W10,2023-08,47131,90718.5,1.917049464011557,90352.4582883287,monthly
W10,2023-09,45278,60384.0,1.324423631639178,59967.2531933587,monthly
W10,2023-10,45596,61354.0,1.3192929968731448,60154.48348542791,monthly
W10,2023-11,41515,59403.0,1.3876814837522229,57609.596797973536,monthly
W10,2023-12,50309,45791.9,0.8706816212389092,43803.121682908284,monthly
W10,2023,547407,763311.9,1.4483942992246581,792861.1781556724,yearly
W11,2023-01,44206,42672.7,1.0919462350011895,48270.57526446258,monthly
W11,2023-02,43052,39953.2,0.9980668109783851,42968.772346241436,monthly
W11,2023-03,48687,65572.0,1.5468037339046767,75309.233392617,monthly
W11,2023-04,45193,66202.0,1.5508287516514665,70086.60377338472,monthly
W11,2023-05,46240,60281.0,1.4878152522286159,68796.5772630512,monthly
W11,2023-06,45761,91839.0,2.311585738383738,105780.47497417824,monthly
W11,2023-07,47007,99004.5,2.2419850673067496,105388.99205888838,monthly
W11,2023-08,45188,97747.5,2.4322818953523844,109909.95428718354,monthly
W11,2023-09,46068,56592.0,1.2891686678096572,59389.42218865529,monthly
W11,2023-10,47150,60927.0,1.4079712961059996,66385.84661139788,monthly
W11,2023-11,43584,59924.0,1.5148617301377423,66023.73364632337,monthly
W11,2023-12,45873,44863.0,1.084456620336543,49747.278544698245,monthly
W11,2023,548009,785577.9,1.645605425241551,901806.5834811971,yearly
W12,2023-01,47499,46337.9,0.9386683672910422,44585.808777957216,monthly
W12,2023-02,41484,41860.0,1.0005736083010721,41507.79556676168,monthly
W12,2023-03,46740,57673.0,1.1800051160756333,55153.4391253751,monthly
W12,2023-04,44019,60319.0,1.3561470461626595,59696.23682503411,monthly
W12,2023-05,43964,62042.0,1.40753183684827,61880.72967519735,monthly
W12,2023-06,43985,91723.5,2.075173362000535,91276.50032759353,monthly
W12,2023-07,47222,97402.5,2.138798767625692,100998.35540482042,monthly
W12,2023-08,47919,95641.5,2.001899493509527,95929.02182948303,monthly
W12,2023-09,44840,61701.0,1.37161989856235,61503.43625153577,monthly
W12,2023-10,46693,60191.0,1.2775694433627518,59653.55001893697,monthly
W12,2023-11,46008,62744.0,1.4070791193886643,64736.89612483366,monthly
W12,2023-12,45230,46285.399999999994,1.0637615585646114,48113.93529387737,monthly
W12,2023,545603,783920.8,1.4875508600661982,811612.2119046979,yearly
W13,2023-01,48330,40674.2,0.9218250602874458,44551.805163692254,monthly
W13,2023-02,40495,38099.6,1.0323843240601849,41806.403202817186,monthly
W13,2023-03,43827,58482.0,1.509360580196253,66150.74614826118,monthly
W13,2023-04,46638,62252.0,1.5049997699781887,70190.17927224276,monthly
W13,2023-05,48919,60890.0,1.363269281324977,66689.76997313654,monthly
W13,2023-06,44008,92769.0,2.3989568617964885,105573.29357393987,monthly
W13,2023-07,50072,96813.0,2.0447784272813023,102386.14541082937,monthly
W13,2023-08,44957,86254.5,2.0588282983785633,92558.74381020507,monthly
W13,2023-09,43131,61854.0,1.6292442136533238,70270.93217908152,monthly
W13,2023-10,46589,56680.0,1.3219282927735376,61587.31723202635,monthly
W13,2023-11,43893,57823.0,1.5188269140900599,66665.869740155,monthly
W13,2023-12,44476,44553.6,1.0982006215133249,48843.570842426634,monthly
W13,2023,545335,757144.9,1.5718292838091945,857173.522486087,yearly
W14,2023-01,46630,43152.899999999994,0.8876270678366333,41390.05017322221,monthly
W14,2023-02,41310,42982.799999999996,1.0661527383795228,44042.76962245809,monthly
W14,2023-03,45973,62253.0,1.2881205572148273,59218.76637683726,monthly
W14,2023-04,45288,58947.0,1.3204092936792404,59798.69609214544,monthly
W14,2023-05,47316,58922.0,1.2057945380958883,57053.37436454505,monthly
W14,2023-06,45142,88840.5,1.9153596244466606,86463.16416677115,monthly
W14,2023-07,45232,95275.5,2.1349429750761164,96567.7406486429,monthly
W14,2023-08,48446,99667.5,2.158703387020431,104580.5442875918,monthly
W14,2023-09,45633,55215.0,1.2435828702016982,56748.4171159141,monthly
W14,2023-10,46505,55209.0,1.1546153752401274,53695.388025542125,monthly
W14,2023-11,47388,63135.0,1.2891361165474844,61089.58229095219,monthly
W14,2023-12,43059,43669.5,1.0513207606496995,45268.82063281541,monthly
W14,2023,547922,767269.7,1.3925104366071355,762987.1034466549,yearly
W15,2023-01,45313,43791.299999999996,0.991773086350087,44940.21386178149,monthly
W15,2023-02,43181,41958.7,0.9370892439757141,40464.45064411531,monthly
W15,2023-03,46527,59720.0,1.220484292636063,56785.4726834781,monthly
W15,2023-04,45340,62689.0,1.3162716876276663,59679.758317038395,monthly
W15,2023-05,47510,61836.0,1.3128080510085212,62371.510503414844,monthly
W15,2023-06,41296,95064.0,2.2917465644916946,94639.96612724902,monthly
W15,2023-07,47183,89364.0,1.897399325265161,89524.9923639861,monthly
W15,2023-08,42994,89935.5,1.9887855311554934,85505.84512649928,monthly
W15,2023-09,45358,57625.0,1.260626166184045,57179.481645775915,monthly
W15,2023-10,46257,58424.0,1.2905731332555055,59698.041424999916,monthly
W15,2023-11,45348,60034.0,1.3162646063859773,59689.9673703913,monthly
W15,2023-12,46503,42938.0,0.9447799674873325,43935.10282806342,monthly
W15,2023,542810,763379.5,1.3688007130546183,742998.7150531773,yearly
W16,2023-01,48620,46195.799999999996,0.9420784627314033,45803.85485800083,monthly
W16,2023-02,44115,41823.6,0.9166969981913832,40440.088075212865,monthly
W16,2023-03,46844,61658.0,1.275112188349241,59731.35535103184,monthly
W16,2023-04,43888,61945.0,1.3423512603503485,58913.112114256095,monthly
W16,2023-05,45210,61648.0,1.3078793333837353,59129.22466227867,monthly
W16,2023-06,47080,89694.0,1.9159687550585103,90203.80898815466,monthly
W16,2023-07,43423,98896.5,2.3667638831998636,102771.98810018768,monthly
W16,2023-08,46538,89358.0,1.87924162852408,87456.14690825364,monthly
W16,2023-09,46708,59760.0,1.2573995337405852,58730.617421955256,monthly
W16,2023-10,47569,64128.0,1.2962844638258004,61662.9556597295,monthly
W16,2023-11,45996,59498.0,1.2791411514082343,58835.37640017314,monthly
W16,2023-12,46391,43670.899999999994,0.8978014169517291,41649.905533807665,monthly
W16,2023,552382,778275.8,1.4677825338196735,810776.6515963789,yearly
W17,2023-01,48276,44296.7,0.9570083581900874,46200.53549998466,monthly
W17,2023-02,42479,38435.6,0.9453374611250251,40156.99001112994,monthly
W17,2023-03,46292,60781.0,1.2564414956803023,58163.189718032554,monthly
W17,2023-04,45103,55014.0,1.2144250470530547,54774.21289723393,monthly
W17,2023-05,44438,65876.0,1.4986855317495758,66598.58765988765,monthly
W17,2023-06,46019,97722.0,2.071673388020711,95336.33764332511,monthly
W17,2023-07,43260,95349.0,2.18361041108878,94462.98638370063,monthly
W17,2023-08,47160,98755.5,2.1312596043974743,100510.2029433849,monthly
W17,2023-09,43430,56709.0,1.2700745366640092,55159.337127317915,monthly
W17,2023-10,45972,61259.0,1.3461178014919124,61883.727570186194,monthly
W17,2023-11,44908,52566.0,1.1936381992858396,53603.90425352848,monthly
W17,2023-12,46541,45391.5,0.9353623972521176,43532.701330510805,monthly
W17,2023,543878,772155.3,1.419370750108659,771964.5248275972,yearly
W18,2023-01,47285,45434.899999999994,0.9198735170041556,43496.2192515415,monthly
W18,2023-02,41181,42751.1,1.0790479125840384,44436.27208812329,monthly
W18,2023-03,47508,59340.0,1.21509927869407,57726.93653219788,monthly
W18,2023-04,43806,57833.0,1.3518946021927358,59221.094943654985,monthly
W18,2023-05,45695,62815.0,1.3485028866014745,61619.83940325438,monthly
W18,2023-06,45415,92341.5,2.106226357311,95654.27001727905,monthly
W18,2023-07,47918,90483.0,1.92613998411493,92296.77575881922,monthly
W18,2023-08,46705,90720.0,1.9233326559562054,89829.25169643457,monthly
W18,2023-09,45786,64881.0,1.357008866311249,62132.00795292685,monthly
W18,2023-10,47597,64781.0,1.3927023774845784,66288.45506113347,monthly
W18,2023-11,47552,58201.0,1.238250356834475,58881.28096819295,monthly
W18,2023-12,46577,37436.7,0.7638054299483182,35575.76551070282,monthly
W18,2023,553025,767018.2,1.3189092899909125,729389.8100972244,yearly
W19,2023-01,45627,47871.6,1.1536166771948384,52636.06813036889,monthly
W19,2023-02,39846,40398.399999999994,1.0965953927393752,43694.94001909315,monthly
W19,2023-03,44584,58091.0,1.371791167725528,61159.937421874936,monthly
W19,2023-04,44602,56960.0,1.3471166706661204,60084.097745050305,monthly
W19,2023-05,44013,57367.0,1.424256842511773,62685.816409470666,monthly
W19,2023-06,44757,93306.0,2.26012712412117,101156.5096942912,monthly
W19,2023-07,47494,90321.0,2.0952837050202255,99513.4042862306,monthly
W19,2023-08,47777,98628.0,2.2264577869124222,106373.47368531479,monthly
W19,2023-09,46364,60179.0,1.4545942229597513,67440.80655330591,monthly
W19,2023-10,42897,63244.0,1.6807789697169653,72100.37546394866,monthly
W19,2023-11,46584,59501.0,1.376752478223442,64134.63744556082,monthly
W19,2023-12,45626,45384.5,1.0605846578247924,48390.235597913976,monthly
W19,2023,540171,771251.5,1.5102889754134823,815814.3061380761,yearly
W20,2023-01,46890,46074.0,0.9874056667387129,46299.45171337825,monthly
W20,2023-02,41764,39232.899999999994,0.9130282668534766,38131.712536868596,monthly
W20,2023-03,46012,68230.0,1.472328934714911,67744.79894410248,monthly
W20,2023-04,45805,61625.0,1.3658623935515442,62563.32693662848,monthly
W20,2023-05,49205,57607.0,1.1973465031171164,58915.43468587771,monthly
W20,2023-06,47358,85611.0,1.7174835740333818,81336.5870990729,monthly
W20,2023-07,44953,93009.0,2.1594138337359805,97072.13006793353,monthly
W20,2023-08,47060,102670.5,2.1085032984408336,99226.16522462563,monthly
W20,2023-09,45285,61537.0,1.3226793401363393,59897.53391807412,monthly
W20,2023-10,46818,61401.0,1.2804627131424835,59948.70330390479,monthly
W20,2023-11,43813,56820.0,1.2369363891057144,54193.89401588866,monthly
W20,2023-12,48284,44751.7,0.8919061008186503,43064.79417192771,monthly
W20,2023,553247,778569.1,1.4757148293242812,816434.8021791707,yearly
W21,2023-01,47670,43627.5,0.9278364598168339,44229.964039468476,monthly
W21,2023-02,42687,39196.5,0.8987778602150513,38366.1305189999,monthly
W21,2023-03,47483,60104.0,1.2323842651984422,58517.302064417636,monthly
W21,2023-04,45976,59422.0,1.322249960352254,60791.76417715523,monthly
W21,2023-05,45407,66920.0,1.406035556284551,63843.85650421261,monthly
W21,2023-06,43950,98098.5,2.1415981680450216,94123.2394855787,monthly
W21,2023-07,47812,98365.5,1.9558687612564154,93513.99721319173,monthly
W21,2023-08,45992,93763.5,1.967937333590817,90509.37384650885,monthly
W21,2023-09,44660,56561.0,1.2118935151873542,54123.164388267236,monthly
W21,2023-10,48551,58817.0,1.2715116225530092,61733.16078657115,monthly
W21,2023-11,47096,60881.0,1.265399481443806,59595.25397807749,monthly
W21,2023-12,44022,42739.899999999994,0.9368242013872207,41240.87499346823,monthly
W21,2023,551306,778496.4,1.3755211296926377,758333.0519263294,yearly
W22,2023-01,48753,40356.399999999994,0.8005000566252967,39026.779260653086,monthly
W22,2023-02,40694,39778.9,1.0163608705242901,41359.78926511546,monthly
W22,2023-03,46982,59296.0,1.2818075830364521,60221.883866218595,monthly
W22,2023-04,44804,59500.0,1.3787169910026573,61772.03606488306,monthly
W22,2023-05,49099,63657.0,1.2945946243489357,63563.30146090839,monthly
W22,2023-06,45240,93330.0,2.07166881542423,93722.29720979217,monthly
W22,2023-07,47463,85626.0,1.879654829043375,89214.05715088571,monthly
W22,2023-08,49055,86551.5,1.8349358288485618,90012.7770841662,monthly
W22,2023-09,44539,57615.0,1.286879563347078,57316.32887191551,monthly
W22,2023-10,47649,59367.0,1.2178168580711357,58027.75547023155,monthly
W22,2023-11,45445,56814.0,1.2368150183063793,56207.058506933405,monthly
W22,2023-12,45925,44078.299999999996,0.9490165321768815,43583.58424022328,monthly
W22,2023,555648,745970.1,1.3139091765681872,730071.00614176,yearly
W23,2023-01,45708,42807.799999999996,1.009956005642436,46163.06910590446,monthly
W23,2023-02,41738,36985.2,1.0102148221972176,42164.34624886747,monthly
W23,2023-03,46061,60883.0,1.494902346811615,68856.6969964898,monthly
W23,2023-04,43135,62271.0,1.6564054874719805,71449.05070210388,monthly
W23,2023-05,42998,59150.0,1.4747366018474692,63410.72440623748,monthly
W23,2023-06,44626,97228.5,2.415059348810764,107774.43850002917,monthly
W23,2023-07,43403,101731.5,2.5201414433674514,109381.6990664775,monthly
W23,2023-08,46486,94252.5,2.3025833316715065,107037.88875608165,monthly
W23,2023-09,45491,56131.0,1.2901402197248664,58689.768735503894,monthly
W23,2023-10,50948,65623.0,1.4260265186439183,72653.19907187035,monthly
W23,2023-11,46144,59809.0,1.402826390913307,64732.020982303635,monthly
W23,2023-12,48145,44557.1,0.9999736841314797,48143.73302251009,monthly
W23,2023,544883,781429.6,1.6003955160584487,872028.3099764757,yearly
W24,2023-01,48384,43374.799999999996,0.8676260010419721,41979.216434414775,monthly
W24,2023-02,42581,38255.0,0.9347553461821769,39802.81739578328,monthly
W24,2023-03,49017,60273.0,1.2100424572931614,59312.65112913889,monthly
W24,2023-04,45321,59069.0,1.2873306586669868,58343.11278144651,monthly
W24,2023-05,44792,59990.0,1.393729739745727,62427.942502690596,monthly
W24,2023-06,46026,84090.0,1.8325129662882278,84343.24178638197,monthly
W24,2023-07,48252,90217.5,1.8019872276444726,86949.4877083011,monthly
W24,2023-08,47194,95355.0,1.9940328221257737,94106.38500740376,monthly
W24,2023-09,45562,62502.0,1.4022684135609391,63890.15345866351,monthly
W24,2023-10,46370,59299.0,1.2371564549671024,57366.944816824536,monthly
W24,2023-11,46278,56286.0,1.2272327092294704,56793.87531772143,monthly
W24,2023-12,44560,44774.799999999996,1.0244420113280064,45649.136024775966,monthly
W24,2023,554337,753486.1,1.3380320706730082,741720.6839606634,yearly
W25,2023-01,44548,40117.7,0.8759135875191362,39020.19849680248,monthly
W25,2023-02,46186,41835.5,0.9040578593297779,41754.816291005125,monthly
W25,2023-03,47150,64712.0,1.3723131441114305,64704.564744853946,monthly
W25,2023-04,46309,63144.0,1.3246870839068126,61344.93416864058,monthly
W25,2023-05,47352,57429.0,1.185141471691043,56118.818967514264,monthly
W25,2023-06,45925,94075.5,1.9807999025065852,90968.23552261492,monthly
W25,2023-07,48929,93331.5,1.9491594271968948,95370.42161331687,monthly
W25,2023-08,42812,92016.0,2.2073542752029236,94501.25122998757,monthly
W25,2023-09,43554,64339.0,1.4716587528080838,64096.62531980328,monthly
W25,2023-10,45420,66563.0,1.4968742282936651,67988.02744909827,monthly
W25,2023-11,46921,60389.0,1.3174013818625143,61813.79023837103,monthly
W25,2023-12,47052,43684.899999999994,0.8948548469757975,42104.71025990522,monthly
W25,2023,552158,781637.1,1.4815963980265425,818075.3039415397,yearly
W26,2023-01,47110,41612.899999999994,0.925837623203337,43616.210429109204,monthly
W26,2023-02,40332,40917.799999999996,0.9980643953443397,40253.93319302791,monthly
W26,2023-03,47143,61960.0,1.3409834845690713,63217.98441303973,monthly
W26,2023-04,44551,64686.0,1.4116772661293944,62891.63388333065,monthly
W26,2023-05,45026,58697.0,1.2724940400063627,57295.316645326486,monthly
W26,2023-06,43853,91050.0,2.078725943815929,91158.36881415993,monthly
W26,2023-07,46385,94578.0,2.0021986484301006,92871.98430743022,monthly
W26,2023-08,46107,91405.5,1.9165718499438924,88367.37828536304,monthly
W26,2023-09,45506,59112.0,1.2681918956972553,57710.3404055993,monthly
W26,2023-10,46001,66168.0,1.371625398937017,63096.13997650172,monthly
W26,2023-11,45733,57032.0,1.2725574267598978,58197.86879801041,monthly
W26,2023-12,45620,42814.1,0.9377542344764134,42780.348176813975,monthly
W26,2023,543367,770033.3,1.3596494909380945,738788.6649425596,yearly
W27,2023-01,45750,47802.299999999996,1.09053110943865,49891.79825681824,monthly
W27,2023-02,43157,38611.299999999996,0.9060883964138109,39104.05692403084,monthly
W27,2023-03,47429,58194.0,1.2051119422482146,57157.25430889057,monthly
W27,2023-04,45660,58950.0,1.258333054685827,57455.48727695485,monthly
W27,2023-05,46621,60683.0,1.237714743837672,57703.499072456114,monthly
W27,2023-06,45037,95491.5,2.064202253297276,92965.47688174942,monthly
W27,2023-07,45017,88425.0,1.893098440726066,85221.61250616531,monthly
W27,2023-08,46157,94344.0,2.0669068828734636,95402.22099279046,monthly
W27,2023-09,45790,65093.0,1.3741525485877621,62922.44519983363,monthly
W27,2023-10,46341,66966.0,1.4492074527966106,67157.72257004773,monthly
W27,2023-11,46890,60267.0,1.2968672348591048,60810.104642543425,monthly
W27,2023-12,45712,42506.1,0.9110879861614101,41647.654023410374,monthly
W27,2023,549561,777333.2,1.3486987884927344,741192.2549028556,yearly
W28,2023-01,46322,46654.299999999996,1.0484901479299404,48568.1606324107,monthly
W28,2023-02,40133,41519.799999999996,1.0142892051002244,40706.46866828731,monthly
W28,2023-03,46023,64740.0,1.3996158944043913,64414.5223081733,monthly
W28,2023-04,46211,61859.0,1.344478807558097,62129.710176067216,monthly
W28,2023-05,46596,62685.0,1.2915068574201227,60179.053528348035,monthly
W28,2023-06,44759,91489.5,2.1323828941888685,95443.32596099956,monthly
W28,2023-07,48329,92547.0,1.8909116623577695,91385.86973008864,monthly
W28,2023-08,44576,102897.0,2.211578963500602,98583.34387700283,monthly
W28,2023-09,43682,57516.0,1.3018576052953397,56867.743914511026,monthly
W28,2023-10,48878,63772.0,1.3177914743508083,64411.01168331881,monthly
W28,2023-11,43710,64570.0,1.4792531526412793,64658.15530195032,monthly
W28,2023-12,48015,44290.399999999994,0.9403735121251702,45152.03418469005,monthly
W28,2023,547234,794540.0,1.3873798432353688,759221.4211330638,yearly
W29,2023-01,46943,43465.1,0.9345970985093355,43872.79159532374,monthly
W29,2023-02,41242,40567.799999999996,0.9549348054470834,39383.42124624862,monthly
W29,2023-03,42426,66036.0,1.5290807927796122,64872.78171446783,monthly
W29,2023-04,43945,53262.0,1.2285626973262207,53989.18773400077,monthly
W29,2023-05,47074,55919.0,1.2332191530829106,58052.558412224935,monthly
W29,2023-06,48401,93981.0,1.9481024481985307,94290.10659525708,monthly
W29,2023-07,48381,91129.5,1.9323851026721177,93490.72365237973,monthly
W29,2023-08,45868,90201.0,2.0182661758089084,92573.83295200301,monthly
W29,2023-09,41899,56703.0,1.3755683003834105,57634.936217764516,monthly
W29,2023-10,45980,63043.0,1.3362481216232989,61440.68863223928,monthly
W29,2023-11,46795,58963.0,1.3062441630788177,61125.69561127327,monthly
W29,2023-12,45214,40404.7,0.8879378886703674,40147.22369834199,monthly
W29,2023,544168,753675.1,1.3218774324945262,719323.3986856813,yearly
W30,2023-01,46573,40029.5,0.8865565164998694,41289.59664294842,monthly
W30,2023-02,43516,37531.899999999994,0.8503407042447156,37003.426085913045,monthly
W30,2023-03,45539,63889.0,1.414233593608836,64402.78361935278,monthly
W30,2023-04,45934,59311.0,1.2362113697919355,56784.13306002277,monthly
W30,2023-05,45252,65407.0,1.398418893260164,63281.25175780894,monthly
W30,2023-06,44288,87177.0,2.045119061354951,90574.23298928807,monthly
W30,2023-07,46435,86643.0,1.8861785581530084,87584.70134783494,monthly
W30,2023-08,44607,95887.5,2.2463999189829456,100205.16118607225,monthly
W30,2023-09,43924,59635.0,1.4254005971699442,62609.295830092626,monthly
W30,2023-10,48194,57336.0,1.1744469676157578,56601.29715727383,monthly
W30,2023-11,45034,56338.0,1.2258404028607797,55204.49670243235,monthly
W30,2023-12,46797,42404.6,0.9386113323003599,43924.19451765994,monthly
W30,2023,546093,751589.5,1.4449271668271462,789064.6113141368,yearly
W31,2023-01,47136,43614.899999999994,0.9010805781813893,42473.334133157965,monthly
W31,2023-02,42215,39785.899999999994,0.9755478065078759,41182.75065172998,monthly
W31,2023-03,47842,70892.0,1.4902729244872301,71297.63725331807,monthly
W31,2023-04,46329,64235.0,1.3458501890503822,62351.893408515156,monthly
W31,2023-05,47881,56864.0,1.202278874930245,57566.31481053506,monthly
W31,2023-06,48760,91371.0,1.8472301856635656,90070.94385295546,monthly
W31,2023-07,45850,99312.0,2.2406185608897484,102732.36101679497,monthly
W31,2023-08,47949,90283.5,1.8741136143696326,89861.87369540952,monthly
W31,2023-09,46524,58626.0,1.2886582216929015,59953.535106040545,monthly
W31,2023-10,47390,65008.0,1.316283219637089,62378.66177860165,monthly
W31,2023-11,45481,64911.0,1.4123718395436151,64236.08363428316,monthly
W31,2023-12,46835,42223.299999999996,0.9450988537303405,44263.7048144605,monthly
W31,2023,560192,787126.6,1.448443265682331,811406.3298891163,yearly
W32,2023-01,51073,41678.7,0.8516161674099704,43494.592518129415,monthly
W32,2023-02,46204,38031.7,0.8367627344692049,38661.78538341515,monthly
W32,2023-03,45898,66576.0,1.4164467409793933,65012.072517472196,monthly
W32,2023-04,45132,63325.0,1.4130067696456892,63771.82152764924,monthly
W32,2023-05,46188,63499.0,1.366865110611741,63132.7657289351,monthly
W32,2023-06,45365,91281.0,2.0234982799670407,91795.9994707048,monthly
W32,2023-07,46961,91246.5,1.9464489564260756,91407.18944272494,monthly
W32,2023-08,47078,92106.0,2.026648023325657,95410.5356421253,monthly
W32,2023-09,43331,61990.0,1.4523322526795883,62931.00884085924,monthly
W32,2023-10,49435,62173.0,1.2185277249895763,60237.9180848597,monthly
W32,2023-11,46724,59636.0,1.2205720157199973,57030.006862501155,monthly
W32,2023-12,46474,40347.299999999996,0.8616027953071888,40042.12830910629,monthly
W32,2023,559863,771890.2,1.31192927311443,734500.6586336641,yearly
W33,2023-01,49543,44851.799999999996,0.8870039889612373,43944.83862510658,monthly
W33,2023-02,39792,42562.1,1.0220691385688043,40670.17516192986,monthly
W33,2023-03,46415,61617.0,1.2614827965916033,58551.72400379927,monthly
W33,2023-04,45555,64636.0,1.3622653929966315,62057.99997796155,monthly
W33,2023-05,48624,57992.0,1.2275176920942574,59686.82026039117,monthly
W33,2023-06,46312,86859.0,1.962060507778339,90866.94623623043,monthly
W33,2023-07,47429,94290.0,1.9735049082422698,93601.36429302262,monthly
W33,2023-08,48931,104676.0,2.141970745562785,104808.77055113263,monthly
W33,2023-09,46867,55944.0,1.1515208440280873,53968.327397064364,monthly
W33,2023-10,46044,55569.0,1.2130261515877936,55852.57612370837,monthly
W33,2023-11,45309,61606.0,1.3113699483392742,59416.86098930418,monthly
W33,2023-12,45694,40999.0,0.9072300003607056,41454.96763648208,monthly
W33,2023,556515,771601.9,1.4465597892414142,805032.2211096856,yearly
W34,2023-01,47574,44223.899999999994,0.9003832948705031,42834.83487016931,monthly
W34,2023-02,40756,38410.399999999994,0.8957777092726593,36508.3163191165,monthly
W34,2023-03,46769,61110.0,1.3078255634030993,61165.693774799554,monthly
W34,2023-04,42082,57514.0,1.3743004148964715,57833.31005967331,monthly
W34,2023-05,44909,57685.0,1.3262243118489982,59559.40762082666,monthly
W34,2023-06,46227,92787.0,2.00812227295708,92829.46831198693,monthly
W34,2023-07,46011,90508.5,2.0490294180418633,94277.89255352417,monthly
W34,2023-08,47033,92425.5,1.9902901778833018,93609.31793638533,monthly
W34,2023-09,41874,56445.0,1.3938488775048694,58366.0278966389,monthly
W34,2023-10,46791,66785.0,1.377106348142026,64436.18313591354,monthly
W34,2023-11,40536,60038.0,1.5337321654605545,62171.367059109034,monthly
W34,2023-12,46079,44079.7,0.9733659336372935,44851.72885607285,monthly
W34,2023,536641,762012.0,1.373140258294539,736883.3613514396,yearly
W35,2023-01,44557,41965.0,0.983660877448022,43828.97771645152,monthly
W35,2023-02,43196,39469.5,0.8835511475331024,38165.875368839894,monthly
W35,2023-03,46200,68972.0,1.4196823532792306,65589.32472150045,monthly
W35,2023-04,45161,57973.0,1.249951795542544,56449.073038496834,monthly
W35,2023-05,48719,60683.0,1.2125674826837367,59075.07518886897,monthly
W35,2023-06,44130,93402.0,2.100011634805104,92673.51344394924,monthly
W35,2023-07,44973,88843.5,2.0585326840434783,92578.39039948735,monthly
W35,2023-08,44630,94603.5,2.200105804098398,98190.7220369115,monthly
W35,2023-09,44073,62488.0,1.4117178929315952,62218.642695174196,monthly
W35,2023-10,47808,63923.0,1.325164103553362,63353.44546267913,monthly
W35,2023-11,43987,64104.0,1.465356360923418,64456.63024793838,monthly
W35,2023-12,46305,46270.7,0.9736236638629564,45083.6437551742,monthly
W35,2023,543739,782697.2,1.3750105192186128,747646.8447094093,yearly
W36,2023-01,46351,43766.799999999996,0.9289604158276888,43058.244234029204,monthly
W36,2023-02,43654,41239.799999999996,0.9677631997333327,42246.73472115891,monthly
W36,2023-03,47516,55076.0,1.1892186320722644,56506.91252154572,monthly
W36,2023-04,44852,63247.0,1.4313567973444614,64199.21507449378,monthly
W36,2023-05,46446,62766.0,1.337168307694257,62106.11921916746,monthly
W36,2023-06,44842,92533.5,2.085910911482075,93536.4170926792,monthly
W36,2023-07,47139,88087.5,1.7827536693951467,84037.22522161782,monthly
W36,2023-08,47446,90682.5,1.9613336533639927,93057.436517508,monthly
W36,2023-09,43857,55764.0,1.220583855223525,53531.14613853814,monthly
W36,2023-10,46492,62026.0,1.3203473133520736,61385.5872923646,monthly
W36,2023-11,43890,64450.0,1.4102374820346482,61895.323086500706,monthly
W36,2023-12,45196,43274.7,0.9897641285080262,44733.379552048755,monthly
W36,2023,547681,762913.8,1.39999641947143,766751.4390125322,yearly
W37,2023-01,45949,44361.799999999996,0.9210734708448942,42322.40491185204,monthly
W37,2023-02,42845,40575.5,0.9780097333833196,41902.82702680833,monthly
W37,2023-03,48939,66786.0,1.3793730023531048,67505.13536215859,monthly
W37,2023-04,44886,57391.0,1.2816432253526406,57527.83781317863,monthly
W37,2023-05,46709,59797.0,1.3370890439430523,62454.09215353603,monthly
W37,2023-06,47765,87552.0,1.7730567711716156,84690.05667501222,monthly
W37,2023-07,48463,87934.5,1.7705513212140738,85806.22867999766,monthly
W37,2023-08,49692,98085.0,2.0245356445478984,100603.22524887417,monthly
W37,2023-09,41037,63573.0,1.5918013722907853,65322.75291469696,monthly
W37,2023-10,47632,64904.0,1.3496545340058943,64286.74476376876,monthly
W37,2023-11,47394,62386.0,1.3756904684636992,65199.474062368565,monthly
W37,2023-12,44134,42993.299999999996,1.0168464461324185,44877.50105360815,monthly
W37,2023,555445,776339.1,1.3295385856423336,738485.559702106,yearly
W38,2023-01,46506,43169.0,0.9655615409119601,44904.40502165162,monthly
W38,2023-02,40788,38764.6,0.9933573523202971,40517.059686440276,monthly
W38,2023-03,44995,59814.0,1.3748258364796988,61860.28851240405,monthly
W38,2023-04,43832,62361.0,1.4360282003617033,62943.98807825418,monthly
W38,2023-05,48002,63571.0,1.312401204827109,62997.88263411089,monthly
W38,2023-06,44706,84490.5,1.8883431684469343,84420.26968858864,monthly
W38,2023-07,48004,97846.5,2.11424839006991,101492.37971691597,monthly
W38,2023-08,47174,92358.0,1.918933207575139,90523.75513414961,monthly
W38,2023-09,45515,59401.0,1.2606169480513134,57376.98039055553,monthly
W38,2023-10,46866,58135.0,1.1958968660568603,56046.90252462081,monthly
W38,2023-11,44860,63301.0,1.4572204320142585,65370.90858015964,monthly
W38,2023-12,46603,43514.799999999996,0.9581496842338839,44652.64973435169,monthly
W38,2023,547851,766726.4,1.3991867534817377,766545.8620817235,yearly
W39,2023-01,47348,44256.799999999996,0.9129025580158717,43224.1103169355,monthly
W39,2023-02,43008,38529.399999999994,0.9393033709122083,40397.55937619225,monthly
W39,2023-03,44593,61959.0,1.4465578929013296,64506.35611814899,monthly
W39,2023-04,43125,55412.0,1.2243954689527732,52802.054598588344,monthly
W39,2023-05,48007,62130.0,1.3292235900368632,63812.03688689969,monthly
W39,2023-06,43037,89397.0,1.996270878025075,85913.50977756515,monthly
W39,2023-07,47299,94126.5,1.895999566991071,89678.88351911066,monthly
W39,2023-08,45694,88992.0,1.9034899797716927,86978.07113568773,monthly
W39,2023-09,46395,56885.0,1.197821403880571,55572.92403303909,monthly
W39,2023-10,45378,64715.0,1.471670663549041,66781.47137052838,monthly
W39,2023-11,43040,62457.0,1.4817092104550456,63772.76441798516,monthly
W39,2023-12,45229,43015.7,0.9968687493495008,45087.37666432857,monthly
W39,2023,542153,761875.4,1.4350009085129525,777990.0475530227,yearly
W40,2023-01,45291,44914.799999999996,0.9707259648007587,43965.14967179116,monthly
W40,2023-02,41870,37592.1,0.9260795834062017,38774.95215721767,monthly
W40,2023-03,46251,64554.0,1.3664286905829959,63198.69336815414,monthly
W40,2023-04,45101,61324.0,1.4265216653586443,64337.55362934022,monthly
W40,2023-05,48219,58402.0,1.2495005117994924,60249.66517845973,monthly
W40,2023-06,43627,87801.0,2.0543949755929503,89627.08960019363,monthly
W40,2023-07,45045,93033.0,1.9747382558773199,88952.08473599388,monthly
W40,2023-08,45854,90541.5,2.054394093307641,94202.18675452856,monthly
W40,2023-09,42019,59625.0,1.4601598029572371,61354.45476046015,monthly
W40,2023-10,48700,61025.0,1.2191247545457542,59371.37554637823,monthly
W40,2023-11,46655,61820.0,1.3107679403485764,61153.87825696283,monthly
W40,2023-12,47819,43452.5,0.8876627752498605,42447.14624967308,monthly
W40,2023,546451,764084.9,1.4660022540055078,801098.3977035637,yearly
W41,2023-01,46587,42972.299999999996,0.9214991617146727,42929.88144680146,monthly
W41,2023-02,40708,43957.2,1.0412492169479886,42387.17312351872,monthly
W41,2023-03,43851,55262.0,1.204210740267759,52805.8451714815,monthly
W41,2023-04,44610,61835.0,1.4035573902299776,62612.6951781593,monthly
W41,2023-05,48035,59645.0,1.210286498296866,58136.111945689954,monthly
W41,2023-06,46442,94942.5,1.9919186724480535,92508.68698583251,monthly
W41,2023-07,46682,97081.5,2.1746688958514238,101517.89339613616,monthly
W41,2023-08,47294,91980.0,1.9374210439602328,91628.39085305526,monthly
W41,2023-09,47478,61587.0,1.2361278132136524,58688.876315757785,monthly
W41,2023-10,48170,62049.0,1.2674951227575884,61055.24006323303,monthly
W41,2023-11,45961,60530.0,1.3281135594363207,61041.427305252735,monthly
W41,2023-12,46318,44679.6,0.9480902906696694,43913.64608323775,monthly
W41,2023,552136,776521.1,1.3398513335272,739780.1558883741,yearly
W42,2023-01,45178,42086.1,0.9148274291166856,41330.07359263362,monthly
W42,2023-02,41122,41330.1,0.9744849820434831,40072.77143159211,monthly
W42,2023-03,47818,64688.0,1.395145460888549,66713.06564876864,monthly
W42,2023-04,45964,61820.0,1.3913408022281908,63951.588633616564,monthly
W42,2023-05,47015,66670.0,1.3838288067282132,65060.71134832694,monthly
W42,2023-06,46689,86883.0,1.8284424493044134,85368.14951557375,monthly
W42,2023-07,44312,88953.0,1.9544781921808148,86606.83765191627,monthly
W42,2023-08,45055,98133.0,2.2670198746447325,102140.58045211842,monthly
W42,2023-09,45691,59018.0,1.2920189061975835,59033.63584307379,monthly
W42,2023-10,47035,61334.0,1.3243680439284078,62291.65094617266,monthly
W42,2023-11,44647,55278.0,1.2276480363486475,54810.80187885807,monthly
W42,2023-12,47522,41351.1,0.8815466121312764,41892.85810170251,monthly
W42,2023,548048,767544.3,1.384519594091598,758783.1945027121,yearly
W43,2023-01,45556,41725.6,0.8857981122588557,40353.41880206443,monthly
W43,2023-02,41527,39138.399999999994,0.9735434991066304,40428.34088740104,monthly
W43,2023-03,50089,62466.0,1.2535336597255828,62788.24748199472,monthly
W43,2023-04,45625,61801.0,1.4201647598109435,64795.017166374295,monthly
W43,2023-05,45273,59461.0,1.3421270937553766,60762.119915587165,monthly
W43,2023-06,47265,89038.5,1.8055215814841636,85337.977548849,monthly
W43,2023-07,46252,91144.5,1.949907508203605,90187.12206943314,monthly
W43,2023-08,48436,97146.0,2.009121802518988,97313.82362680971,monthly
W43,2023-09,42933,59746.0,1.4387876615526178,61771.47067343854,monthly
W43,2023-10,44474,67481.0,1.5521123937628893,69028.64660021073,monthly
W43,2023-11,44022,61662.0,1.382409887497285,60856.44806740548,monthly
W43,2023-12,45965,44751.7,0.9885420942049632,45438.33736013113,monthly
W43,2023,547417,775561.7,1.4276623039617349,781526.615447821,yearly
W44,2023-01,45362,42902.299999999996,0.920959458160828,41776.562941091484,monthly
W44,2023-02,41973,40288.5,0.9362715165288712,39298.12436326631,monthly
W44,2023-03,43444,64990.0,1.421214665143919,61743.249912512416,monthly
W44,2023-04,44783,65490.0,1.3989691138456397,62650.03382534928,monthly
W44,2023-05,48065,66116.0,1.31295088363639,63106.98422198308,monthly
W44,2023-06,41943,88032.0,2.1665691008408063,90872.40779656594,monthly
W44,2023-07,43376,92490.0,2.2040871861033877,95604.48578442054,monthly
W44,2023-08,49950,91416.0,1.871639669461086,93488.40148958124,monthly
W44,2023-09,45439,58637.0,1.2714527372938769,57773.54092989647,monthly
W44,2023-10,46620,67686.0,1.498507998059151,69860.44286951762,monthly
W44,2023-11,45206,61436.0,1.3644285878548017,61680.35874256417,monthly
W44,2023-12,45990,43190.7,0.9207545637276829,42345.50238583614,monthly
W44,2023,542151,782674.5,1.434591677711232,777765.3126628221,yearly
W45,2023-01,48231,41582.799999999996,0.8744384060216542,42175.03876083041,monthly
W45,2023-02,41756,38686.9,0.9266709321614045,38694.07144333161,monthly
W45,2023-03,46326,56870.0,1.2103659067025963,56071.41099390447,monthly
W45,2023-04,45071,58126.0,1.2431374621962843,56029.44855864873,monthly
W45,2023-05,47838,64971.0,1.3085513810234577,62598.480965400166,monthly
W45,2023-06,43636,90385.5,2.1151619304255473,92297.20599604919,monthly
W45,2023-07,45295,92556.0,2.0184015362462864,91423.49758427554,monthly
W45,2023-08,46880,89245.5,1.9915182771981264,93362.37683504817,monthly
W45,2023-09,42926,64552.0,1.4775783001000724,63426.52611009571,monthly
W45,2023-10,46201,59814.0,1.357246570188162,62706.14878926327,monthly
W45,2023-11,46045,63368.0,1.3356787076206507,61501.32609239286,monthly
W45,2023-12,46436,44313.5,0.9163888261354333,42553.431530424976,monthly
W45,2023,546641,764471.2,1.3722766787105203,750142.6959269975,yearly
W46,2023-01,48543,46417.0,0.9424115631664516,45747.48451078906,monthly
W46,2023-02,41656,41456.1,1.029265126065671,42875.06809139159,monthly
W46,2023-03,45264,61791.0,1.398763858044605,63313.64727053099,monthly
W46,2023-04,45156,60258.0,1.40011529184182,63223.606118409225,monthly
W46,2023-05,46078,61359.0,1.3467493107705715,62055.51474168639,monthly
W46,2023-06,43727,94122.0,2.1445826105582806,93776.16381188194,monthly
W46,2023-07,47235,92229.0,1.872515978206264,88448.29223057287,monthly
W46,2023-08,46818,96397.5,2.1612249122935343,101184.22794375868,monthly
W46,2023-09,44724,54648.0,1.228190785979437,54929.60471214434,monthly
W46,2023-10,46426,62079.0,1.3639672615364113,63323.54408408943,monthly
W46,2023-11,47790,56491.0,1.1710436999263956,55964.17841948244,monthly
W46,2023-12,48404,42098.7,0.8738859790181084,42299.57692839252,monthly
W46,2023,551821,769346.3,1.4558993841289452,803395.8540494186,yearly
W47,2023-01,45395,43787.1,0.9854867177951797,44736.16955431218,monthly
W47,2023-02,40864,43004.5,1.031301647879751,42143.11053895814,monthly
W47,2023-03,44871,64558.0,1.3907446786479376,62404.10447561161,monthly
W47,2023-04,45139,62227.0,1.3300004253562736,60034.88920015683,monthly
W47,2023-05,44922,62598.0,1.3676900134813172,61439.37078560773,monthly
W47,2023-06,44425,85654.5,1.945938758349598,86448.32933968089,monthly
W47,2023-07,48886,98719.5,1.9907878325138775,97321.65398027342,monthly
W47,2023-08,45822,89724.0,1.864239587910543,85423.1863972369,monthly
W47,2023-09,43310,59923.0,1.3278123854333836,57507.55441311985,monthly
W47,2023-10,44293,59979.0,1.3257729082783418,58722.459426372596,monthly
W47,2023-11,47269,60298.0,1.2960076601250405,61260.98608645054,monthly
W47,2023-12,46282,45560.899999999994,0.9448964725180252,43731.69854107924,monthly
W47,2023,541478,776033.5,1.4418696143372625,780740.6750321122,yearly
W48,2023-01,46151,42088.2,0.8764553934622197,40449.2928636749,monthly
W48,2023-02,43065,39204.899999999994,0.884159034518693,38076.308821547515,monthly
W48,2023-03,46711,60561.0,1.3581627380232748,63441.13965580519,monthly
W48,2023-04,44374,62389.0,1.4378216059756268,63801.895943562464,monthly
W48,2023-05,48945,63992.0,1.3616908115481634,66647.95677122485,monthly
W48,2023-06,43222,90120.0,2.0441534291209655,88352.39951346637,monthly
W48,2023-07,45989,95893.5,2.135572549409019,98212.84597477138,monthly
W48,2023-08,49233,92389.5,1.9167359357324008,94366.66032391328,monthly
W48,2023-09,44785,53707.0,1.1745973318030425,52604.34150479926,monthly
W48,2023-10,45516,61063.0,1.3483895713177705,61373.29972809964,monthly
W48,2023-11,44295,64852.0,1.4827477701684189,65678.31247961012,monthly
W48,2023-12,44298,46954.6,1.0579711312580236,46866.00517246793,monthly
W48,2023,546584,773214.7,1.4609147698276868,798512.6385514963,yearly
W49,2023-01,47242,43234.1,0.8764896318427634,41407.12318751583,monthly
W49,2023-02,42400,39145.4,0.8781954761759306,37235.48818985946,monthly
W49,2023-03,45237,58868.0,1.2737564898223004,57620.9223300914,monthly
W49,2023-04,43502,60516.0,1.3228359503204556,57546.009510840464,monthly
W49,2023-05,48489,61313.0,1.2303407837194649,59657.99426177313,monthly
W49,2023-06,47615,86575.5,1.80360335258672,85878.57363341667,monthly
W49,2023-07,46219,97033.5,2.0199477415422176,93359.96466633976,monthly
W49,2023-08,45833,97858.5,2.05061901897052,93986.02149647585,monthly
W49,2023-09,45621,56418.0,1.2856934465451868,58654.620724837965,monthly
W49,2023-10,47818,61681.0,1.3009366281738275,62208.187686016085,monthly
W49,2023-11,46423,54577.0,1.2267222885562163,56948.12880164523,monthly
W49,2023-12,48723,44170.0,0.8925766920230968,43489.014165441346,monthly
W49,2023,555122,761390.0,1.3958690853241362,774877.6383833052,yearly
W50,2023-01,48842,41662.6,0.872121547705837,42596.160633048494,monthly
W50,2023-02,43372,43846.6,1.0109408787163712,43846.52779168645,monthly
W50,2023-03,46778,61076.0,1.3148706157399797,61507.01766308477,monthly
W50,2023-04,47569,61373.0,1.317657859261412,62679.66670720611,monthly
W50,2023-05,47379,60760.0,1.3180216100865207,62446.54586428927,monthly
W50,2023-06,43630,92881.5,2.0802042562794276,90759.31170147142,monthly
W50,2023-07,46505,91030.5,1.8882968698385687,87815.24593184264,monthly
W50,2023-08,45096,91285.5,1.9821023377317248,89384.88702234987,monthly
W50,2023-09,44516,57657.0,1.296173594235407,57700.463720983375,monthly
W50,2023-10,46047,62894.0,1.3443039416467524,61901.163601008004,monthly
W50,2023-11,44971,58630.0,1.3126417214454524,59030.81085512344,monthly
W50,2023-12,47040,43444.799999999996,0.8823307986638883,41504.840769149305,monthly
W50,2023,551745,766541.5,1.3906585642178968,767288.9095144034,yearly
W51,2023-01,47067,43556.1,0.9390656719879823,44199.003983458366,monthly
W51,2023-02,42634,40172.299999999996,0.979816585584966,41773.50030982944,monthly
W51,2023-03,45512,61630.0,1.347403319948586,61323.019897500046,monthly
W51,2023-04,45462,60797.0,1.3741353969841723,62470.94341769444,monthly
W51,2023-05,46955,58558.0,1.205646364251138,56611.12503341218,monthly
W51,2023-06,43814,89751.0,1.9780282333565515,86665.32901628395,monthly
W51,2023-07,47954,95779.5,2.0022733064084086,96017.01413550883,monthly
W51,2023-08,44835,96129.0,2.1647176121540515,97055.1141409269,monthly
W51,2023-09,46282,60740.0,1.3297575619336175,61543.839481411684,monthly
W51,2023-10,48696,56562.0,1.1900686199378778,57951.5815164949,monthly
W51,2023-11,44353,56692.0,1.2519880411790825,55529.42559041584,monthly
W51,2023-12,45307,44492.0,0.994051830314652,45037.50627606594,monthly
W51,2023,548871,764858.9,1.3500548272703226,741005.9430986892,yearly
W52,2023-01,46187,45163.99999999999,0.9860258196717994,45541.574533181396,monthly
W52,2023-02,42866,39536.0,0.879547915978275,37702.70096632474,monthly
W52,2023-03,44899,66113.0,1.4319261181935714,64292.05078077316,monthly
W52,2023-04,44833,59779.0,1.3874443604219824,62203.293010798734,monthly
W52,2023-05,45217,62013.0,1.3775581074559375,62289.04494483513,monthly
W52,2023-06,46164,85888.5,1.8486727281478614,85342.12782221788,monthly
W52,2023-07,43698,98680.5,2.2391554464593297,97846.61469937979,monthly
W52,2023-08,51499,92122.5,1.8582561724456255,95698.33462477727,monthly
W52,2023-09,47357,60588.0,1.2623765966352611,59782.36848685606,monthly
W52,2023-10,48133,58555.0,1.2602185935294166,60658.10156235141,monthly
W52,2023-11,46236,59865.0,1.270065133137945,58722.73149576602,monthly
W52,2023-12,44038,42867.299999999996,0.9764827893066867,43002.34907548787,monthly
W52,2023,551127,771171.8,1.349424334236681,743704.1850548593,yearly
W53,2023-01,49085,39963.7,0.8288792920189638,40685.54004875084,monthly
W53,2023-02,44180,38913.7,0.8666749801005601,38289.70062084275,monthly
W53,2023-03,47470,64191.0,1.333576350986247,63304.86938131715,monthly
W53,2023-04,45844,65606.0,1.4044913272486732,64387.50040638817,monthly
W53,2023-05,45262,59637.0,1.345542707853362,60901.954042858866,monthly
W53,2023-06,46221,87571.5,1.8305193238034512,84608.43366551932,monthly
W53,2023-07,46915,98847.0,2.0043355214389678,94033.40098830918,monthly
W53,2023-08,48042,95088.0,1.9983079965987016,96002.71277259482,monthly
W53,2023-09,43904,58616.0,1.394156856038767,61209.06260752602,monthly
W53,2023-10,48077,58088.0,1.2214474428156528,58723.52870824814,monthly
W53,2023-11,45512,61062.0,1.3796268280275026,62789.5761971877,monthly
W53,2023-12,47081,42039.2,0.9083409086327485,42765.59831933843,monthly
W53,2023,557593,769623.1,1.3799058075223345,769425.818933801,yearly
W54,2023-01,47449,47761.7,1.0362739505687302,49170.16268053568,monthly
W54,2023-02,41445,40282.2,0.9844872095468666,40802.07239966989,monthly
W54,2023-03,44177,58870.0,1.3352674101933544,58988.108380111815,monthly
W54,2023-04,43378,56700.0,1.3686297246310208,59368.42019504442,monthly
W54,2023-05,48384,64745.0,1.3643262201782764,66011.55983710573,monthly
W54,2023-06,44305,91771.5,2.1634771492420093,95852.85509716722,monthly
W54,2023-07,44641,88296.0,1.941628031161211,86676.21693906763,monthly
W54,2023-08,47125,85047.0,1.7747120313170286,83633.30447581498,monthly
W54,2023-09,46261,57617.0,1.2896568749904282,59660.8166939322,monthly
W54,2023-10,45404,61276.0,1.302318099977501,59130.451011378456,monthly
W54,2023-11,44668,64439.0,1.50695161066996,67312.51454540578,monthly
W54,2023-12,47811,46639.6,0.9762284848920949,46674.46009117595,monthly
W54,2023,545048,763445.0,1.4604206498391576,795999.3543535332,yearly
W55,2023-01,45646,37926.0,0.7938187477092988,36234.65055793866,monthly
W55,2023-02,42741,40054.7,0.9402117323770958,40185.58965352945,monthly
W55,2023-03,42981,60621.0,1.3668371180226,58748.02616972937,monthly
W55,2023-04,44772,59550.0,1.3477003170113115,60339.23859323044,monthly
W55,2023-05,46536,62051.0,1.340356234530853,62374.817730127776,monthly
W55,2023-06,46335,90021.0,1.9594911691397563,90793.02332209061,monthly
W55,2023-07,47166,90498.0,1.880809496170858,88710.26069639469,monthly
W55,2023-08,46972,91380.0,1.9726196449026532,92657.88996036742,monthly
W55,2023-09,48173,62669.0,1.3437796567286238,64733.897403587995,monthly
W55,2023-10,47597,59855.0,1.3201715546857227,62836.20548837634,monthly
W55,2023-11,46336,54358.0,1.2128305420052425,56197.71599435492,monthly
W55,2023-12,48008,40509.7,0.8486632592588876,40742.62575050068,monthly
W55,2023,553263,749493.4,1.3131479065704414,726516.1502328821,yearly
W56,2023-01,45610,45264.799999999996,1.0029104962735635,45742.747735037236,monthly
W56,2023-02,41408,40407.5,1.0231335031086235,42365.912096721884,monthly
W56,2023-03,47217,66600.0,1.3807211514061417,65193.5106059438,monthly
W56,2023-04,43425,58099.0,1.376199472892625,59761.46211036224,monthly
W56,2023-05,47094,57166.0,1.1816588606941532,55649.04238553045,monthly
W56,2023-06,43221,87777.0,2.0178104658509093,87211.78614454214,monthly
W56,2023-07,45505,90348.0,2.0798367458547586,94642.9711201208,monthly
W56,2023-08,45005,87462.0,1.9951045722075098,89789.68127219898,monthly
W56,2023-09,45938,56241.0,1.2017319066451382,55205.16032746436,monthly
W56,2023-10,48795,62169.0,1.28929412636652,62911.10689605435,monthly
W56,2023-11,45419,65424.0,1.3755896318084624,62477.905487108554,monthly
W56,2023-12,42995,44407.299999999996,1.0087201511358586,43369.92289808624,monthly
W56,2023,541632,761365.6,1.4363868837423472,777993.100615135,yearly
W57,2023-01,47148,41139.0,0.9147533428483557,43128.790608614276,monthly
W57,2023-02,38244,39273.5,0.9950938766317876,38056.370217906086,monthly
W57,2023-03,49766,60764.0,1.214772643462688,60454.37537456413,monthly
W57,2023-04,45118,52854.0,1.220456765609736,55064.56835078007,monthly
W57,2023-05,45844,65975.0,1.498805247202393,68711.2277527465,monthly
W57,2023-06,45201,91255.5,2.0179429086886644,91213.03741563633,monthly
W57,2023-07,47747,96690.0,1.9510957387972303,93158.96824035136,monthly
W57,2023-08,46156,92256.0,2.0617401036680505,95161.67622490253,monthly
W57,2023-09,47933,59238.0,1.2463751806022685,59742.501531808535,monthly
W57,2023-10,46904,64580.0,1.4144658479107575,66344.10613040617,monthly
W57,2023-11,46664,59388.0,1.2679032089452515,59165.435342221215,monthly
W57,2023-12,44006,44114.7,0.9727853657480038,42808.392805106654,monthly
W57,2023,550731,767527.7,1.3273132772164848,730992.568474712,yearly
W58,2023-01,47209,45456.6,0.9827272211883972,46393.56938508304,monthly
W58,2023-02,43271,38673.6,0.8842521838555011,38262.47624761139,monthly
W58,2023-03,46440,57676.0,1.1945995463151662,55477.202930876316,monthly
W58,2023-04,46203,65916.0,1.464247503310162,67652.62739543941,monthly
W58,2023-05,43812,60557.0,1.3361928296873822,58541.28025426359,monthly
W58,2023-06,46889,92583.0,1.9257232947782188,90295.2395688559,monthly
W58,2023-07,46491,91294.5,2.0192640557333674,93877.60521509999,monthly
W58,2023-08,48551,97713.0,2.061315978829973,100078.95208817402,monthly
W58,2023-09,43876,58506.0,1.3006614879706295,57067.82344619934,monthly
W58,2023-10,45805,58752.0,1.3392152669404602,61342.75530220778,monthly
W58,2023-11,47346,61543.0,1.2628475448969831,59790.779860692564,monthly
W58,2023-12,48143,40828.2,0.8899231591653917,42843.570651699454,monthly
W58,2023,554036,769498.9,1.421938771086495,787805.2689776773,yearly
W59,2023-01,44709,43765.399999999994,0.9978227748041768,44611.65843871994,monthly
W59,2023-02,45380,39861.5,0.8948046271931476,40606.233982025034,monthly
W59,2023-03,46207,64324.0,1.3941455841705048,64419.28500776651,monthly
W59,2023-04,43668,58949.0,1.3996031133511586,61117.868753818395,monthly
W59,2023-05,45530,65949.0,1.5204387342775674,69225.57557165764,monthly
W59,2023-06,45738,93840.0,2.1089369247000898,96458.5570619327,monthly
W59,2023-07,43776,87328.5,2.0173371008035352,88310.94892477556,monthly
W59,2023-08,45586,90375.0,1.8990436592022562,86569.80424839405,monthly
W59,2023-09,43390,57506.0,1.355378798131468,58809.8860509244,monthly
W59,2023-10,48122,61910.0,1.313353656770102,63201.204671090854,monthly
W59,2023-11,47400,51442.0,1.1151809634169048,52859.57766596128,monthly
W59,2023-12,45127,42039.2,0.8965998379772726,40460.860888400384,monthly
W59,2023,544633,757289.6,1.4118343955521475,768931.6023527527,yearly
W60,2023-01,48215,46198.6,0.9673693440850204,46641.712925059255,monthly
W60,2023-02,42031,40234.6,1.0007262213976298,42061.52381156378,monthly
W60,2023-03,45428,60453.0,1.3443536597003007,61071.29805286526,monthly
W60,2023-04,46581,62294.0,1.3910684668547628,64797.36025456171,monthly
W60,2023-05,47437,66099.0,1.3578819956432386,64413.84822732831,monthly
W60,2023-06,46752,83751.0,1.8022717861761006,84259.81054730505,monthly
W60,2023-07,43535,97735.5,2.2547089155529005,98158.75263859553,monthly
W60,2023-08,44591,77544.0,1.8241216264015219,81339.40744287026,monthly
W60,2023-09,45151,58057.0,1.2478450599920554,56341.45230370129,monthly
W60,2023-10,46587,59215.0,1.2254307512487204,57089.14240842414,monthly
W60,2023-11,44854,63567.0,1.4330241649768871,64276.86589587329,monthly
W60,2023-12,44572,43630.299999999996,0.9518253731518013,42424.76053212208,monthly
W60,2023,545734,758779.0,1.4097304096899188,769337.8154017181,yearly
W61,2023-01,45193,41666.799999999996,0.9137055063797457,41293.092949819846,monthly
W61,2023-02,40736,38989.299999999996,0.9103079396479861,37082.30422950036,monthly
W61,2023-03,44018,56505.0,1.3212805426235532,58160.12692520356,monthly
W61,2023-04,44317,54592.0,1.2205765721047273,54092.2919459652,monthly
W61,2023-05,45162,60451.0,1.361376824912232,61482.50016668622,monthly
W61,2023-06,43454,98029.5,2.1668427869092417,94157.9864623542,monthly
W61,2023-07,45416,92125.5,2.107788402911726,95727.31810663895,monthly
W61,2023-08,45460,99432.0,2.1731683372453223,98792.23261117235,monthly
W61,2023-09,44187,61130.0,1.441500341022755,63695.575568772474,monthly
W61,2023-10,47765,65559.0,1.400945997994626,66916.18559421331,monthly
W61,2023-11,44523,55964.0,1.2093873145027412,53845.55140360555,monthly
W61,2023-12,45956,40957.7,0.8982955677886859,41282.07111329685,monthly
W61,2023,536187,765401.8,1.4860081584105267,796778.256433665,yearly
W62,2023-01,45456,44265.899999999994,0.9436523361512215,42894.660592089924,monthly
W62,2023-02,43901,36470.0,0.8720251225056215,38282.77490311929,monthly
W62,2023-03,49057,58814.0,1.1727916009954757,57533.637570035055,monthly
W62,2023-04,46383,57725.0,1.192798236349188,55325.560596584386,monthly
W62,2023-05,43857,62378.0,1.449462055008285,63569.05734649836,monthly
W62,2023-06,42581,86686.5,2.0581234586772226,87636.9549939348,monthly
W62,2023-07,45881,98136.0,2.245832802292696,103041.05480199118,monthly
W62,2023-08,46785,100456.5,2.212058301976068,103491.14765795034,monthly
W62,2023-09,46755,63736.0,1.3534901620698965,63282.43252757801,monthly
W62,2023-10,46847,66963.0,1.4546426289908525,68145.64324033447,monthly
W62,2023-11,44207,62582.0,1.4606547707498923,64571.16545054049,monthly
W62,2023-12,45431,41634.6,0.9176938618921473,41691.74983962214,monthly
W62,2023,547141,779847.5,1.3929406439431933,762134.9368677227,yearly
W63,2023-01,45044,43941.1,0.9454786674380216,42588.141096078245,monthly
W63,2023-02,41575,36317.399999999994,0.8385707346585061,34863.57829342739,monthly
W63,2023-03,47751,58115.0,1.2087720591259206,57720.074595321836,monthly
W63,2023-04,42966,60961.0,1.3585955972251538,58373.418430375954,monthly
W63,2023-05,45439,65328.0,1.4966265901274294,68005.21562880026,monthly
W63,2023-06,46033,100314.0,2.1678223727720742,99791.36728581689,monthly
W63,2023-07,44700,91347.0,2.112744969400282,94439.7001321926,monthly
W63,2023-08,46425,93766.5,2.1165809441536068,98262.27033233119,monthly
W63,2023-09,42497,57153.0,1.3687804160461048,58169.06134071131,monthly
W63,2023-10,48406,60404.0,1.297964830339075,62829.28557739326,monthly
W63,2023-11,47541,61127.0,1.2388908740366988,58898.1110425787,monthly
W63,2023-12,46365,42964.6,0.9572393939329693,44382.40449970212,monthly
W63,2023,544742,771738.6,1.3842930387279115,754082.55850272,yearly
W64,2023-01,47497,42928.2,0.9357874342779444,44447.095765899525,monthly
W64,2023-02,41913,39110.399999999994,0.9423562256235282,39496.97648455894,monthly
W64,2023-03,45537,63516.0,1.363148019218951,62073.67135117337,monthly
W64,2023-04,48616,64205.0,1.3174143794333815,64047.41747053327,monthly
W64,2023-05,46652,59563.0,1.265042612137244,59016.767941426704,monthly
W64,2023-06,45802,92410.5,1.988074251970694,91057.77688876173,monthly
W64,2023-07,43158,87543.0,1.9478582369517616,84065.66579036413,monthly
W64,2023-08,48807,95028.0,1.9554101387644875,95437.70264267834,monthly
W64,2023-09,41994,62675.0,1.4628989298335078,61432.977659428325,monthly
W64,2023-10,45788,67711.0,1.5025737455743116,68799.84666235658,monthly
W64,2023-11,45543,58738.0,1.266408450876139,57676.040078252,monthly
W64,2023-12,47678,42231.0,0.8796572118767058,41940.29654785758,monthly
W64,2023,548985,775659.1,1.3496498539528943,740937.5250723297,yearly
W65,2023-01,47558,41767.6,0.8978775417357073,42701.26012986677,monthly
W65,2023-02,41742,41750.1,0.9784531252848344,40842.59035563956,monthly
W65,2023-03,46713,66004.0,1.3455016746681774,62852.41972877457,monthly
W65,2023-04,43483,55877.0,1.2415645406443676,53986.95092083904,monthly
W65,2023-05,46958,64721.0,1.3575274958963932,63746.77615230283,monthly
W65,2023-06,43833,98220.0,2.346471329776664,102852.87779810051,monthly
W65,2023-07,47895,94548.0,2.0569352105574996,98516.91190965145,monthly
W65,2023-08,48547,83259.0,1.6636784305748822,80766.59676911881,monthly
W65,2023-09,41926,61569.0,1.5016489775963358,62958.13503470397,monthly
W65,2023-10,45548,61443.0,1.3596316693130643,61928.50327387146,monthly
W65,2023-11,45875,62725.0,1.3057523274697604,59901.38802267526,monthly
W65,2023-12,47022,41790.0,0.8773309886779976,41253.85774961681,monthly
W65,2023,547100,773673.7,1.412166444741679,772596.2619181726,yearly
W66,2023-01,46376,44258.2,0.9432413486940395,43743.76078703478,monthly
W66,2023-02,43428,39269.299999999996,0.908551100668962,39456.55719985168,monthly
W66,2023-03,48716,65076.0,1.2935037739807205,63014.32985324478,monthly
W66,2023-04,44328,59185.0,1.3237523256625534,58679.29309196967,monthly
W66,2023-05,48106,58077.0,1.2211779936034601,58745.98856028805,monthly
W66,2023-06,44669,98676.0,2.2565263480774833,100796.77544227311,monthly
W66,2023-07,46369,94588.5,1.9486717134078035,90357.95867900645,monthly
W66,2023-08,46964,88428.0,1.9138024480673264,89879.81817103391,monthly
W66,2023-09,44975,61553.0,1.3079300563943308,58824.154286335026,monthly
W66,2023-10,45291,60256.0,1.2676477560848127,57413.03452083725,monthly
W66,2023-11,44231,64958.0,1.417560942278254,62700.138037909455,monthly
W66,2023-12,47160,41090.7,0.8846911405039509,41722.034186166326,monthly
W66,2023,550613,775415.7,1.3453020045130173,740740.772610926,yearly
W67,2023-01,47551,42480.899999999994,0.8861929748924324,42139.36214911006,monthly
W67,2023-02,43898,39655.7,0.9319611959515632,40911.232579881726,monthly
W67,2023-03,47739,63437.0,1.2999482071010435,62058.22745879672,monthly
W67,2023-04,44668,61762.0,1.354910265412408,60521.13173544144,monthly
W67,2023-05,45119,61604.0,1.3784090465793815,62192.437772615114,monthly
W67,2023-06,43159,89382.0,2.1741251738132057,93833.06837660415,monthly
W67,2023-07,48356,87687.0,1.8165499061447221,87841.08726153418,monthly
W67,2023-08,47666,98125.5,2.1484244599933073,102406.80031004098,monthly
W67,2023-09,47614,58762.0,1.2694598487998314,60444.061240755174,monthly
W67,2023-10,47326,59633.0,1.2973276352265795,61397.3276647331,monthly
W67,2023-11,45235,58664.0,1.2885667222333368,58288.31568022499,monthly
W67,2023-12,44345,46172.0,1.0293864669635326,45648.142877497856,monthly
W67,2023,552676,767365.1,1.3456785797569986,743724.254745779,yearly
W68,2023-01,50669,44970.1,0.9272319877045245,46981.917585000556,monthly
W68,2023-02,40588,37431.1,0.8918110711063884,36196.82775406609,monthly
W68,2023-03,45396,66638.0,1.4122057939062584,64108.49422016851,monthly
W68,2023-04,46672,56342.0,1.1508619547944081,53713.029154164615,monthly
W68,2023-05,45098,60483.0,1.322884008067088,59659.42299580954,monthly
W68,2023-06,46298,90204.0,1.9166992940220566,88739.34391463318,monthly
W68,2023-07,45367,87646.5,1.9185786756854026,87040.15877981966,monthly
W68,2023-08,51465,98428.5,1.9131658435335968,98461.08013745656,monthly
W68,2023-09,44121,59195.0,1.3762423592543975,60721.189132663276,monthly
W68,2023-10,46325,66801.0,1.426450224707939,66080.30665959527,monthly
W68,2023-11,47006,62950.0,1.3165066060381434,61883.709523428966,monthly
W68,2023-12,42703,43675.1,1.056196204394823,45102.74651627213,monthly
W68,2023,551708,774764.3,1.4534233639318828,801865.2972681312,yearly
W69,2023-01,45578,45609.2,1.047239627748193,47731.08775350714,monthly
W69,2023-02,41209,37082.5,0.9866166068404153,40657.48375128667,monthly
W69,2023-03,46497,59007.0,1.4298628173533994,66484.33141848102,monthly
W69,2023-04,43504,60543.0,1.5306849109789706,66590.91636722913,monthly
W69,2023-05,47375,60825.0,1.4517862821163001,68778.37511525973,monthly
W69,2023-06,45193,85662.0,2.0747767555234673,93765.38591237206,monthly
W69,2023-07,45571,99052.5,2.5065044300211947,114223.91338049587,monthly
W69,2023-08,46983,89395.5,2.0496445183767404,96298.4484068944,monthly
W69,2023-09,46183,59559.0,1.3607322033224978,62842.695346042914,monthly
W69,2023-10,46751,61230.0,1.4305920404764219,66881.6084843132,monthly
W69,2023-11,46651,62148.0,1.4715211800939976,68647.93457256508,monthly
W69,2023-12,47412,47585.299999999996,1.087360347475855,51553.92879452524,monthly
W69,2023,548907,767699.0,1.4988064380260293,822705.3454775537,yearly
W70,2023-01,47917,41241.899999999994,0.8420826835901535,40350.07594958939,monthly
W70,2023-02,40238,38456.6,0.9208401655238626,37052.766580349184,monthly
W70,2023-03,46430,60997.0,1.2858723743954072,59703.05434317876,monthly
W70,2023-04,44469,64578.0,1.4700626279306794,65372.21500144938,monthly
W70,2023-05,45623,58951.0,1.3343097026434687,60875.21156370297,monthly
W70,2023-06,46309,96432.0,2.083019545583673,96462.55213643431,monthly
W70,2023-07,47934,92416.5,1.8513559248006213,88742.89489939298,monthly
W70,2023-08,46345,100302.0,2.1099919726632113,97787.57797307652,monthly
W70,2023-09,46385,58513.0,1.2419293007550734,57606.89061552408,monthly
W70,2023-10,45697,63573.0,1.4101244940743838,64438.459005717115,monthly
W70,2023-11,43284,54833.0,1.2347234456177958,53443.76962012067,monthly
W70,2023-12,45357,45896.899999999994,0.9849794696404002,44675.71380447963,monthly
W70,2023,545988,776190.9,1.3912321948443496,759596.0835986767,yearly
W71,2023-01,44844,46034.1,1.0600127356127456,47535.21111581796,monthly
W71,2023-02,44766,36713.6,0.8001055300919272,35817.524160095214,monthly
W71,2023-03,46771,62364.0,1.2988848833069893,60750.14487715119,monthly
W71,2023-04,44812,62518.0,1.4042274766615375,62926.24168415682,monthly
W71,2023-05,46015,62063.0,1.3576596768681346,62472.71003108721,monthly
W71,2023-06,44720,85710.0,1.8625342255263746,83292.53056553948,monthly
W71,2023-07,48178,97464.0,2.0406942871187606,98316.56936480764,monthly
W71,2023-08,46921,94092.0,1.974421757319304,92641.84327517905,monthly
W71,2023-09,42086,54784.0,1.3198503742713659,55547.2228515847,monthly
W71,2023-10,47178,59269.0,1.2300339758672212,58030.54291346376,monthly
W71,2023-11,47394,57441.0,1.223174521729298,57971.133282838346,monthly
W71,2023-12,43668,44114.0,1.0373184692661117,45297.622915912565,monthly
W71,2023,547353,762566.7,1.4600851905558325,799182.0093063066,yearly
W72,2023-01,45433,40075.7,0.9030806792080186,41029.66449845791,monthly
W72,2023-02,39409,41047.299999999996,1.0913554384371205,43009.22647336848,monthly
W72,2023-03,45236,62770.0,1.327664658139634,60058.238475604485,monthly
W72,2023-04,47299,56417.0,1.133870618258493,53630.94637300846,monthly
W72,2023-05,46361,63562.0,1.4165103397405732,65670.83586071272,monthly
W72,2023-06,44979,95701.5,2.0430658441839578,91895.05860555024,monthly
W72,2023-07,47869,85735.5,1.7161111304601973,82148.52370399918,monthly
W72,2023-08,44824,86002.5,1.997400784640737,89531.4927707364,monthly
W72,2023-09,41810,60570.0,1.387787606704056,58023.39983629658,monthly
W72,2023-10,45495,62061.0,1.3114749965337238,59665.55496730177,monthly
W72,2023-11,44040,66665.0,1.52426913955916,67128.81290618541,monthly
W72,2023-12,47486,41867.0,0.9043129321955625,42942.203898238484,monthly
W72,2023,540241,762474.5,1.397185961113096,754817.1408177001,yearly
W73,2023-01,47080,42745.5,0.9229652445802151,43453.20371483653,monthly
W73,2023-02,43824,40023.899999999994,0.8769872668801583,38433.08998375606,monthly
W73,2023-03,46147,65529.0,1.465852246249723,67644.68360768596,monthly
W73,2023-04,46031,59398.0,1.2674939014758295,58344.01177883391,monthly
W73,2023-05,44656,62596.0,1.4153064846831298,63201.92638000984,monthly
W73,2023-06,45300,88921.5,1.919201340369797,86939.8207187518,monthly
W73,2023-07,47512,79093.5,1.7035609806030128,80939.58931041035,monthly
W73,2023-08,46372,102285.0,2.2549393448802846,104566.04730078856,monthly
W73,2023-09,47095,57363.0,1.224366427044426,57661.536881657245,monthly
W73,2023-10,44502,64288.0,1.4071831029814676,62622.46244888127,monthly
W73,2023-11,47793,62300.0,1.2714325261189017,60765.574720800665,monthly
W73,2023-12,47982,41249.6,0.8496188929568331,40766.41372185477,monthly
W73,2023,554294,765793.0,1.3325207927033131,738608.2802706902,yearly
W74,2023-01,42189,40520.2,0.9680902170322238,40842.758166372485,monthly
W74,2023-02,42955,43045.799999999996,0.9603498186125856,41251.826458503616,monthly
W74,2023-03,45670,59489.0,1.2658369618908465,57810.77404955496,monthly
W74,2023-04,45932,58458.0,1.3062199543108515,59997.29494140603,monthly
W74,2023-05,49558,63036.0,1.2468554685583884,61791.66331081661,monthly
W74,2023-06,44551,81180.0,1.910696706265365,85123.44896082827,monthly
W74,2023-07,45918,86380.5,1.8813440842174471,86387.55765909674,monthly
W74,2023-08,47987,100947.0,2.1071114995141196,101113.95952718405,monthly
W74,2023-09,43233,62702.0,1.3830777572359756,59794.60067858293,monthly
W74,2023-10,48473,65304.0,1.408728617693136,68285.30228543938,monthly
W74,2023-11,46641,61529.0,1.2762288745613888,59524.590938417736,monthly
W74,2023-12,45371,38275.299999999996,0.8468415902705457,38422.04979216493,monthly
W74,2023,548478,760866.8,1.3727606712248346,752929.0274320549,yearly
W75,2023-01,46926,43887.899999999994,0.9175379468589029,43056.38569430088,monthly
W75,2023-02,40498,38895.5,0.9898177507327403,40085.63926917451,monthly
W75,2023-03,49064,67911.0,1.37813289843067,67616.7125286024,monthly
W75,2023-04,46617,56969.0,1.1792854692252441,54974.750718873205,monthly
W75,2023-05,44597,58799.0,1.3103504726284982,58437.70002781314,monthly
W75,2023-06,45626,97405.5,2.070402284051004,94464.17461211112,monthly
W75,2023-07,46640,89991.0,1.9088726253958743,89029.81924846358,monthly
W75,2023-08,46808,86358.0,1.8426963831814183,86252.93230395582,monthly
W75,2023-09,44572,61251.0,1.3535297584793438,60329.52839494131,monthly
W75,2023-10,42697,62980.0,1.539499975404184,65732.03044983244,monthly
W75,2023-11,41995,58148.0,1.3932992302471927,58511.601174230855,monthly
W75,2023-12,45552,47167.399999999994,1.0709680275490052,48784.735590912285,monthly
W75,2023,541592,769763.3,1.4583546778360295,789833.2266785708,yearly
W76,2023-01,45763,40908.0,0.9085797838688019,41579.33664918798,monthly
W76,2023-02,42824,37961.0,0.9102314595828833,38979.7520251774,monthly
W76,2023-03,46762,62575.0,1.3153004445955265,61506.07939017601,monthly
W76,2023-04,47700,65494.0,1.431306694563192,68273.32933066426,monthly
W76,2023-05,46840,63401.0,1.4129146088281617,66180.92027751109,monthly
W76,2023-06,47240,98107.5,1.981399845602891,93601.32870628058,monthly
W76,2023-07,43891,96220.5,2.0859157483782975,91552.92811207185,monthly
W76,2023-08,46714,97726.5,2.0763411283844406,96994.19947135076,monthly
W76,2023-09,43259,65616.0,1.5305665382667333,66210.77787888062,monthly
W76,2023-10,44453,64166.0,1.4113986368186828,62740.903602500905,monthly
W76,2023-11,45158,60381.0,1.3049363605658137,58928.31617043102,monthly
W76,2023-12,47975,45831.1,0.9723485890209168,46648.42355827848,monthly
W76,2023,548579,798387.6,1.4701757522136059,806507.5439735877,yearly
W77,2023-01,49069,46064.2,0.921520365419362,45218.08281076267,monthly
W77,2023-02,44233,40724.6,0.9611069733709509,42512.64475311727,monthly
W77,2023-03,45769,59376.0,1.2665255192157587,57967.606488986065,monthly
W77,2023-04,46170,55889.0,1.198188694237778,55320.37201295821,monthly
W77,2023-05,50104,56339.0,1.111205454124365,55675.83807344719,monthly
W77,2023-06,45774,90670.5,1.9295655275946713,88323.93246011848,monthly
W77,2023-07,47416,89476.5,1.8337392599747906,86948.58075096467,monthly
W77,2023-08,46199,103225.5,2.190210997277047,101185.5578632023,monthly
W77,2023-09,42901,56151.0,1.3565236828461007,58196.22251778057,monthly
W77,2023-10,43436,62093.0,1.4677087616648132,63751.397771672826,monthly
W77,2023-11,45315,56533.0,1.2701366998433414,57556.24455340102,monthly
W77,2023-12,45569,40427.1,0.8833566643855633,40253.67983938573,monthly
W77,2023,551955,756969.4,1.3724965856084193,757556.352909495,yearly
W78,2023-01,48363,40887.7,0.8176292775850631,39543.004751846405,monthly
W78,2023-02,42663,40856.899999999994,0.9492325864855948,40497.10983723493,monthly
W78,2023-03,47124,60665.0,1.252938587233864,59043.47798480861,monthly
W78,2023-04,45140,62620.0,1.4084778918768583,63578.69203932139,monthly
W78,2023-05,48256,58901.0,1.1955896466235651,57694.37398746676,monthly
W78,2023-06,44172,84132.0,1.965978365694368,86841.19636945162,monthly
W78,2023-07,46921,93384.0,1.893545782872529,88847.06167816193,monthly
W78,2023-08,45048,87286.5,1.9189191378295574,86443.46932094591,monthly
W78,2023-09,44283,60802.0,1.3891080682443826,61513.872586066,monthly
W78,2023-10,47402,62911.0,1.263821800310074,59907.68097829813,monthly
W78,2023-11,42299,62292.0,1.430812132182861,60521.92237920284,monthly
W78,2023-12,48532,42042.7,0.8513378165591964,41317.12691325092,monthly
W78,2023,550203,756780.8,1.309689176448051,720594.913949247,yearly
W79,2023-01,48631,47103.0,1.06358344273301,51723.12640354901,monthly
W79,2023-02,42133,37173.5,1.0106703668657455,42582.57456715446,monthly
W79,2023-03,44215,60973.0,1.5609743150583975,69018.47934030705,monthly
W79,2023-04,46312,58904.0,1.380423104561523,63930.15481845325,monthly
W79,2023-05,45957,61927.0,1.4177369185209712,65154.93556446827,monthly
W79,2023-06,47878,92880.0,2.163141300860354,103566.87920259203,monthly
W79,2023-07,42595,89884.5,2.398876844079273,102180.15917355665,monthly
W79,2023-08,48919,93471.0,2.136471919296367,104514.06982005897,monthly
W79,2023-09,45987,64147.0,1.5228872093691888,70033.01409726088,monthly
W79,2023-10,45992,63551.0,1.4627133414903843,67273.11200182575,monthly
W79,2023-11,46941,56201.0,1.3710945988032635,64360.55156242399,monthly
W79,2023-12,46581,45947.299999999996,1.0607260019728586,49409.67789789772,monthly
W79,2023,552141,772162.3,1.4959223510578723,825960.0628354447,yearly
W80,2023-01,45437,41885.2,0.9065384007570699,41190.38531519899,monthly
W80,2023-02,43967,42214.2,0.9518756980923689,41851.118818027186,monthly
W80,2023-03,44660,62815.0,1.4633003520836831,65350.99372405729,monthly
W80,2023-04,45024,60881.0,1.3110314138785821,59027.87837846928,monthly
W80,2023-05,46817,64622.0,1.445427961086744,67670.6008541981,monthly
W80,2023-06,47645,85566.0,1.8516078697827174,88219.85695579757,monthly
W80,2023-07,47236,94983.0,2.087524974651217,98606.32970262488,monthly
W80,2023-08,47619,98751.0,2.1628300120347737,102991.80234308388,monthly
W80,2023-09,45183,61732.0,1.4008655591304597,63295.308558191566,monthly
W80,2023-10,45249,60071.0,1.365902656998096,61805.72932650685,monthly
W80,2023-11,46497,61076.0,1.3053792508838953,60696.21902834848,monthly
W80,2023-12,46895,43495.2,0.928471127086662,43540.653504729016,monthly
W80,2023,552229,778091.6,1.4699389705519872,811742.9277689534,yearly
W81,2023-01,48915,43095.5,0.8435385758494799,41261.689437677305,monthly
W81,2023-02,41778,39355.399999999994,0.9426688955998481,39382.821120370456,monthly
W81,2023-03,46064,56335.0,1.270020252522833,58502.21291221178,monthly
W81,2023-04,46570,61108.0,1.252124733947784,58311.448859948294,monthly
W81,2023-05,46863,62499.0,1.2952870784052706,60701.0383553062,monthly
W81,2023-06,43079,88306.5,2.0894887315611577,90013.08506692311,monthly
W81,2023-07,46604,92731.5,2.054615065522336,95753.28051360295,monthly
W81,2023-08,45386,101275.5,2.3000199203048037,104388.70410295382,monthly
W81,2023-09,44439,60011.0,1.388908884511016,61721.72191878504,monthly
W81,2023-10,45412,66590.0,1.4120681069676746,64124.83687361604,monthly
W81,2023-11,44354,64752.0,1.444888686300014,64086.59279215083,monthly
W81,2023-12,46582,41807.5,0.9410093222518102,43834.09624913382,monthly
W81,2023,546046,777866.9,1.4941888521772442,815895.8459759755,yearly
W82,2023-01,45944,42875.7,0.9717128828417548,44644.376689281584,monthly
W82,2023-02,43980,38605.7,0.898602139872977,39520.52211161353,monthly
W82,2023-03,48264,64305.0,1.286288495362088,62081.42794015581,monthly
W82,2023-04,46682,61875.0,1.3400731716755292,62557.29580015705,monthly
W82,2023-05,48028,66910.0,1.3271572057129815,63740.70627598307,monthly
W82,2023-06,44748,82348.5,1.8786194434622712,84064.46285604971,monthly
W82,2023-07,48244,86322.0,1.8310712538145144,88338.20156902743,monthly
W82,2023-08,45997,95877.0,2.1447288044623836,98651.09081885626,monthly
W82,2023-09,44664,66071.0,1.4308467733542078,63907.34028509234,monthly
W82,2023-10,43772,57114.0,1.3215408643134363,57846.48671272773,monthly
W82,2023-11,44294,63699.0,1.3919119789742105,61653.34919668368,monthly
W82,2023-12,46370,42233.1,0.9514652094819569,44119.44176367834,monthly
W82,2023,550987,768236.0,1.4186921859322188,781680.9514502354,yearly
W83,2023-01,45644,38801.0,0.9199517234440396,41990.276464879746,monthly
W83,2023-02,40114,38297.0,1.0004665093408334,40132.71355569819,monthly
W83,2023-03,47098,66666.0,1.4989029578658943,70595.33150956788,monthly
W83,2023-04,46040,56702.0,1.3486100895053346,62090.008520825606,monthly
W83,2023-05,47662,62543.0,1.500917694294144,71536.73914544749,monthly
W83,2023-06,43400,86203.5,2.182823532487182,94734.5413099437,monthly
W83,2023-07,49024,94855.5,2.1183798829477865,103851.45538163229,monthly
W83,2023-08,45183,85978.5,2.1533779597613245,97296.07635589593,monthly
W83,2023-09,45387,59998.0,1.4203522943829814,64465.52958516037,monthly
W83,2023-10,48658,61107.0,1.3254931412404367,64495.84526647717,monthly
W83,2023-11,44709,61547.0,1.4702958524463703,65735.45726702477,monthly
W83,2023-12,45647,41965.7,1.0407470543222528,47506.980788647874,monthly
W83,2023,548566,754664.2,1.540066118539552,844827.9103827679,yearly
W84,2023-01,47935,41710.2,0.8936773762863608,42838.4250322867,monthly
W84,2023-02,44223,36885.799999999996,0.8544225541781799,37785.12861342165,monthly
W84,2023-03,47531,65027.0,1.4150709979193712,67259.73960210563,monthly
W84,2023-04,44939,56399.0,1.2758191447354066,57334.03654526444,monthly
W84,2023-05,46871,59733.0,1.2646120301349946,59273.63046445733,monthly
W84,2023-06,44634,92554.5,1.982963791450554,88507.60586760403,monthly
W84,2023-07,43881,88798.5,2.081894389749812,91355.6077166115,monthly
W84,2023-08,48215,87123.0,1.88019685324932,90653.69127941597,monthly
W84,2023-09,44697,64021.0,1.4339928336467715,64095.17768550975,monthly
W84,2023-10,47945,61092.0,1.2783525495994432,61290.612990545305,monthly
W84,2023-11,45945,61789.0,1.3318406779048895,61191.419946340146,monthly
W84,2023-12,47675,39690.0,0.8622226970613442,41106.467082399584,monthly
W84,2023,554491,754823.0,1.2952405673505432,718199.2374307701,yearly
W85,2023-01,48601,46370.799999999996,0.9396619870662952,45668.51223340901,monthly
W85,2023-02,42909,39548.6,0.8991400189554644,38581.19907336002,monthly
W85,2023-03,45681,57131.0,1.2783493353780921,58396.275989406626,monthly
W85,2023-04,45259,57079.0,1.2394904380004876,56098.09773346407,monthly
W85,2023-05,48301,63259.0,1.2620169179311589,60956.6791529929,monthly
W85,2023-06,44055,92271.0,2.0906075881647586,92101.71729659844,monthly
W85,2023-07,48076,94411.5,2.028300914733585,97512.59477673184,monthly
W85,2023-08,45542,93546.0,2.1258820004100354,96816.91806267384,monthly
W85,2023-09,43099,57227.0,1.3741893345368328,59226.18612920296,monthly
W85,2023-10,49484,65894.0,1.3210918517046344,65372.90918975213,monthly
W85,2023-11,44301,64335.0,1.4944747352883436,66206.72524800891,monthly
W85,2023-12,44730,47315.1,1.0948406076668065,48972.220380936255,monthly
W85,2023,550038,778388.0,1.4094271720054676,775238.5028355434,yearly
